Name,Metadata
0,Meta0
1,Meta0
2,Meta0
3,Meta1
4,Meta0
5,Meta0
6,Meta1
7,Meta0
8,Meta0
9,Meta1
10,Meta0
11,Meta0
12,Meta0
13,Meta0
14,Meta0
15,Meta0
16,Meta0
17,Meta1
18,Meta0
19,Meta0
20,Meta0
21,Meta0
22,Meta0
23,Meta0
24,Meta0
25,Meta0
26,Meta0
27,Meta1
28,Meta0
29,Meta1
30,Meta0
31,Meta1
32,Meta1
33,Meta0
34,Meta0
35,Meta0
36,Meta0
37,Meta0
38,Meta0
39,Meta1
40,Meta1
41,Meta0
42,Meta0
43,Meta0
44,Meta0
45,Meta0
46,Meta0
47,Meta0
48,Meta0
49,Meta1
50,Meta1
51,Meta1
52,Meta1
53,Meta0
54,Meta0
55,Meta1
56,Meta0
57,Meta0
58,Meta1
59,Meta1
60,Meta1
61,Meta1
62,Meta1
63,Meta1
64,Meta1
65,Meta0
66,Meta1
67,Meta1
68,Meta1
69,Meta0
70,Meta0
71,Meta1
72,Meta1
73,Meta1
74,Meta0
75,Meta1
76,Meta1
77,Meta1
78,Meta1
79,Meta0
80,Meta1
81,Meta0
82,Meta1
83,Meta0
84,Meta1
85,Meta1
86,Meta1
87,Meta1
88,Meta1
89,Meta1
90,Meta1
91,Meta1
92,Meta1
93,Meta1
94,Meta0
95,Meta1
96,Meta1
97,Meta1
98,Meta0
99,Meta1
